Date,Close/Last,Volume,Open,High,Low
05/24/2021,$112.52,5436295,$111.798,$113.03,$111.52
05/21/2021,$110.92,5146620,$111.63,$112.22,$110.57
05/20/2021,$111.41,5345545,$109.98,$111.69,$109.87
05/19/2021,$109.67,5997454,$109.6,$109.94,$108.88
05/18/2021,$111.07,5177382,$111.37,$112.21,$111.01
05/17/2021,$110.98,4519580,$111.22,$111.27,$109.83
05/14/2021,$111.2,6836260,$111.01,$111.59,$110.25
05/13/2021,$110.49,7999752,$110.16,$111.18,$109.155
05/12/2021,$109.79,7965263,$111.87,$112.39,$109.56
05/11/2021,$113.55,7775369,$113.32,$113.69,$112.17
05/10/2021,$114.3,5759483,$114.57,$116.085,$114.21
05/07/2021,$114.34,4867501,$115.11,$115.84,$114.24
05/06/2021,$114.74,4113286,$113.65,$114.81,$113.1
05/05/2021,$113.48,4677689,$114.21,$114.88,$113.16
05/04/2021,$114.11,6265098,$115.15,$115.4,$113.535
05/03/2021,$115.72,5049806,$115.18,$116.74,$115.13
04/30/2021,$114.49,6478714,$114,$114.95,$113.49
04/29/2021,$114.63,8936555,$113.21,$115.1499,$112.76
04/28/2021,$112.4,14793490,$113.44,$114.1499,$111.61
04/27/2021,$116.15,7260927,$115.67,$116.3899,$115.27
04/26/2021,$115.92,5924931,$116.95,$117.25,$115.06
04/23/2021,$117.56,4559282,$116.02,$117.98,$115.84
04/22/2021,$115.92,5745110,$116.868,$116.88,$115.225
04/21/2021,$116.74,4397440,$116.09,$117.26,$115.86
04/20/2021,$116.27,5662376,$116.96,$117.2594,$115.35
04/19/2021,$117.6,4889684,$118.17,$118.98,$117.04
04/16/2021,$118.34,5777860,$117.82,$118.5,$116.94
04/15/2021,$116.66,5079094,$115.1,$116.89,$114.78
04/14/2021,$115.16,3994551,$115.22,$116.235,$114.72
04/13/2021,$115.36,4607384,$113.78,$115.6,$113.682
04/12/2021,$113.81,4707805,$113.02,$113.89,$112.77
04/09/2021,$113.18,4114258,$112.91,$113.27,$111.97
04/08/2021,$113.04,5011290,$113.65,$113.96,$112.6799
04/07/2021,$113.19,5629622,$112.91,$113.76,$112.65
04/06/2021,$113.15,6745242,$111.38,$113.82,$111.095
04/05/2021,$111.02,6913105,$109.91,$111.35,$109.87
04/01/2021,$109.38,5792950,$110.06,$110.06,$108.2
03/31/2021,$109.27,6478401,$110.33,$111.6199,$109.19
03/30/2021,$110.27,4552862,$108.42,$110.45,$108.28
03/29/2021,$109.13,5167195,$109.01,$110.25,$106.59
03/26/2021,$109.9,6167570,$107.25,$110,$107.175
03/25/2021,$107.35,8149044,$105.007,$107.7,$104.06
03/24/2021,$104.97,5731334,$106.63,$107.28,$104.94
03/23/2021,$106.25,5657840,$107.74,$107.9477,$105.6738
03/22/2021,$107.57,7605084,$106.4,$108.42,$106
03/19/2021,$106.34,21452020,$108.35,$108.85,$105.825
03/18/2021,$107.62,7813431,$109.28,$110.27,$107.5
03/17/2021,$110.46,10128450,$111.31,$111.46,$108.9327
03/16/2021,$111.34,11376180,$110.568,$112.34,$109.89
03/15/2021,$108.9,7111401,$107.89,$108.95,$107.06
03/12/2021,$107.81,3356023,$107.42,$107.99,$106.58
03/11/2021,$107.32,4670732,$108.41,$108.57,$107.26
03/10/2021,$107.78,6076974,$107.22,$109.07,$106.96
03/09/2021,$106.55,5510948,$106.28,$107.97,$105.83
03/08/2021,$105.03,5119532,$104.8,$106.89,$104.23
03/05/2021,$105.2,5559905,$106.06,$106.06,$102.75
03/04/2021,$104.89,7211833,$106.26,$107.17,$103.85
03/03/2021,$106.22,5313426,$106.94,$107.96,$106.12
03/02/2021,$107.2,5016782,$107.31,$108.2499,$105.82
03/01/2021,$106.87,7931631,$108.6,$110.47,$106.54
02/26/2021,$108.03,15122850,$104.15,$109.48,$103.68
02/25/2021,$103.47,7534020,$104,$105.77,$103.11
02/24/2021,$104.38,7542690,$101.16,$104.51,$100.6
02/23/2021,$101.37,8740260,$103.34,$103.34,$99.93
02/22/2021,$101.81,5211754,$102.99,$102.99,$101.75
02/19/2021,$103.37,4129146,$104.75,$105.28,$103.22
02/18/2021,$104.97,4098865,$103.775,$105.34,$103.41
02/17/2021,$104.44,5735722,$105.105,$105.46,$104.15
02/16/2021,$106.15,4928053,$104.88,$106.59,$104.7
02/12/2021,$105.3,3169814,$105.74,$105.94,$104.72
02/11/2021,$105.86,2976042,$106.115,$106.23,$105.03
02/10/2021,$105.87,4293184,$106.78,$106.9,$104.93
02/09/2021,$106.22,4095226,$106,$106.83,$105.22
02/08/2021,$106.26,4836631,$106.42,$106.53,$105.34
02/05/2021,$106.48,8072094,$105.0871,$107.5399,$104.7823
02/04/2021,$103.64,6926764,$101.36,$104.24,$101.11
02/03/2021,$101.02,3934770,$101.25,$102.65,$100.81
02/02/2021,$101.65,6917661,$99.05,$102.48,$98.783
02/01/2021,$98.58,7206259,$96.99,$99.62,$96.92
01/29/2021,$96.81,8203032,$97.385,$97.79,$95.92
01/28/2021,$98.15,8868207,$98.935,$100.53,$98.1
01/27/2021,$97.87,18139470,$101.48,$101.78,$96.73
01/26/2021,$104.69,7195251,$103.4,$105.21,$103.24
01/25/2021,$103.45,5008991,$103.745,$103.95,$102.1694
01/22/2021,$103.91,5231584,$104.159,$104.47,$103.062
01/21/2021,$104.58,5732873,$105.46,$105.49,$104.45
01/20/2021,$105.46,5844257,$102.41,$105.85,$102.2
01/19/2021,$102.54,6519615,$102.797,$103.6,$101.34
01/15/2021,$102.33,5523156,$101.38,$102.69,$101.21
01/14/2021,$101.82,4528313,$103.8,$104.19,$101.7127
01/13/2021,$102.89,4804483,$102.32,$103.38,$101.49
01/12/2021,$102.82,4332575,$104.01,$104.32,$102.306
01/11/2021,$104.6,4258027,$105.1,$105.64,$104.27
01/08/2021,$105.67,5869677,$103.86,$105.76,$103.42
01/07/2021,$103.35,5057016,$104.49,$104.64,$102.95
01/06/2021,$104.19,5017464,$102.99,$105.21,$102.905
01/05/2021,$103.44,5721905,$102.92,$104.26,$102.8
01/04/2021,$103.1,8041533,$107.66,$107.75,$102.1401
12/31/2020,$106.98,3566295,$106,$107.14,$105.615
12/30/2020,$105.97,3654380,$105.99,$106.62,$105.7801
12/29/2020,$105.63,4780921,$104.887,$105.78,$104.47
12/28/2020,$104.34,5055179,$102.92,$104.38,$102.31
12/24/2020,$102.01,1949183,$102.3,$102.36,$101.68
12/23/2020,$102.06,3817267,$102.29,$102.685,$101.965
12/22/2020,$102.41,4305282,$102.12,$103.17,$101.892
12/21/2020,$102.94,7175930,$101.22,$103.15,$100.02
12/18/2020,$103.28,10214980,$103.33,$104.11,$102.95
12/17/2020,$103.21,4535689,$103.55,$104.04,$102.61
12/16/2020,$103.27,6409253,$104.1,$104.8,$102.72
12/15/2020,$104.18,5196689,$104.24,$104.8586,$103.78
12/14/2020,$103.32,5156155,$103.83,$104.71,$103.25
12/11/2020,$103,6262636,$104.405,$104.78,$102.33
12/10/2020,$105.39,12939180,$103.508,$106.09,$102.75
12/09/2020,$100.4,6629890,$101.94,$102.21,$100.1
12/08/2020,$101.21,3911250,$100.37,$101.57,$100.01
12/07/2020,$101.41,4514754,$102.01,$102.22,$100.69
12/04/2020,$102.28,6952704,$101.35,$102.94,$101.07
12/03/2020,$100.11,6264077,$99.02,$101,$98.965
12/02/2020,$98.91,3377940,$98.51,$99.04,$98.2133
12/01/2020,$98.82,4970293,$99,$99.26,$98.25
11/30/2020,$98.02,5197253,$98.2,$98.29,$96.96
11/27/2020,$98.66,2169708,$98.48,$98.975,$98.28
11/25/2020,$98.2,4027147,$98.5,$98.54,$97.94
11/24/2020,$98.3,6323025,$97.51,$98.72,$97.4
11/23/2020,$96.88,4805779,$97.62,$97.86,$96.42
11/20/2020,$97.01,4610081,$97.42,$97.5388,$96.9522
11/19/2020,$97.76,4252272,$97.24,$97.92,$96.86
11/18/2020,$97.91,6039520,$98.63,$99.3264,$97.91
11/17/2020,$98.6,8722293,$97.21,$98.775,$96.805
11/16/2020,$97.78,9367636,$96.79,$97.81,$96.02
11/13/2020,$95.56,5518003,$94.38,$95.59,$93.7
11/12/2020,$93.53,7061844,$94.66,$94.755,$92.66
11/11/2020,$95.04,8296547,$94.11,$95.83,$94.02
11/10/2020,$93.92,10474700,$93.74,$95.27,$93.14
11/09/2020,$95.88,16225770,$97.32,$97.65,$95.64
11/06/2020,$90.65,6626107,$90.15,$91.2,$89.78
11/05/2020,$90.62,6169717,$90.69,$91.16,$89.9
11/04/2020,$89.79,10509390,$88.9,$91.285,$88.74
11/03/2020,$88.39,6910439,$86.778,$89.06,$86.18
11/02/2020,$85.97,8904850,$87.54,$87.765,$85.45
10/30/2020,$86.96,11402800,$87.75,$88.39,$85.63
10/29/2020,$88.3,8440044,$87.17,$89.11,$86.61
10/28/2020,$87.17,12738750,$88.65,$88.95,$86.61
10/27/2020,$90.05,8027508,$89.48,$90.345,$89.17
10/26/2020,$89.66,7756413,$90.03,$91.13,$88.65
10/23/2020,$90.8,7811524,$89.8,$90.96,$89.44
10/22/2020,$89.36,4259035,$88.02,$89.38,$87.7
10/21/2020,$88.27,4119201,$88.38,$89.16,$88.19
10/20/2020,$88.51,4942578,$88.68,$89.715,$88.04
10/19/2020,$87.6,5426622,$88.7,$89.57,$87.36
10/16/2020,$88.52,4722554,$89.39,$89.63,$88.44
10/15/2020,$88.83,5002626,$88.16,$88.87,$87.67
10/14/2020,$89.31,4763260,$90.17,$90.6,$88.56
10/13/2020,$90.16,5731971,$90.58,$90.85,$89.77
10/12/2020,$90.78,5909054,$90.4595,$91.1,$89.9301
10/09/2020,$90.01,6197682,$89.8,$90.33,$89.58
10/08/2020,$89.53,4958766,$88.46,$89.61,$88.41
10/07/2020,$88.45,5179285,$87.82,$88.98,$87.44
10/06/2020,$87.01,7951077,$88.65,$89.28,$86.8
10/05/2020,$88.47,7004835,$87.27,$88.675,$87.2
10/02/2020,$86.57,5602288,$85.15,$87.13,$85.09
10/01/2020,$86.74,7241186,$87.04,$87.45,$86.195
09/30/2020,$85.92,10134360,$86.63,$87.16,$85.47
09/29/2020,$84.8,4064974,$86.25,$86.25,$84.625
09/28/2020,$86.07,5976196,$85.52,$86.24,$84.99
09/25/2020,$84.3,5981463,$82.53,$84.69,$82.22
09/24/2020,$83.04,4881473,$82.63,$84.14,$81.92
09/23/2020,$82.99,6414658,$84.38,$84.9,$82.82
09/22/2020,$83.95,4464961,$84.05,$84.39,$83.175
09/21/2020,$83.89,7188830,$82.86,$83.95,$81.75
09/18/2020,$84.95,10113450,$86.81,$87.24,$84.6
09/17/2020,$86.75,7386586,$87.05,$87.32,$85.355
09/16/2020,$88.38,7146989,$88,$89.43,$87.75
09/15/2020,$87.71,8361907,$87.18,$88.25,$87.1706
09/14/2020,$86.63,5535807,$85.752,$87.055,$85.64
09/11/2020,$85.27,7103251,$84.95,$85.85,$84.15
09/10/2020,$84.88,7551958,$85.8,$87.07,$84.5275
09/09/2020,$85.86,6928650,$85.934,$86.827,$84.46
09/08/2020,$85.41,11083140,$85.27,$87.5834,$84.77
09/04/2020,$86.27,10349370,$87.095,$87.78,$85.31
09/03/2020,$86.48,11036640,$88.602,$88.98,$85.69
09/02/2020,$88.35,11378890,$86.505,$88.75,$86.29
09/01/2020,$86.05,8168825,$84.7,$86.09,$84.23
08/31/2020,$84.47,6401571,$84.632,$85.36,$84.025
08/28/2020,$85,9303909,$83.79,$85.29,$83.43
08/27/2020,$83.41,9099186,$82.75,$83.635,$82.5
08/26/2020,$82.41,7934302,$82.42,$82.75,$81.88
08/25/2020,$82.72,17659520,$80.06,$83.065,$79.79
08/24/2020,$78.68,5867361,$77.71,$79.14,$77.25
08/21/2020,$77.07,5594121,$76.94,$77.27,$76.69
08/20/2020,$77.22,5099464,$77.03,$77.65,$76.4602
08/19/2020,$77.63,6840566,$79.183,$79.385,$77.43
08/18/2020,$78.99,5272725,$79.15,$79.36,$78.35
08/17/2020,$78.95,5360366,$78.6,$78.96,$78.12
08/14/2020,$78.37,3771349,$78.54,$78.93,$78.02
08/13/2020,$79.02,4383353,$78.92,$79.6401,$78.84
08/12/2020,$79.29,5378790,$79.59,$79.69,$78.665
08/11/2020,$78.87,10238460,$78.27,$79.98,$78
08/10/2020,$77.47,6604325,$75.818,$77.665,$75.81
08/07/2020,$75.79,6569313,$75.48,$75.93,$75.21
08/06/2020,$75.66,6764846,$75.2,$75.92,$74.9412
08/05/2020,$75.78,7823144,$75.35,$75.99,$75.325
08/04/2020,$75.13,12792450,$75.37,$75.485,$74.76
08/03/2020,$75.5,7142088,$76.48,$76.6,$75.44
07/31/2020,$76.53,7424977,$76.24,$76.54,$75.48
07/30/2020,$76.64,7889831,$76.63,$76.98,$75.4
07/29/2020,$77.42,15261050,$77.56,$78.49,$76.9
07/28/2020,$74.64,12273410,$76.3,$76.39,$74.5604
07/27/2020,$76.46,6771141,$75.886,$76.705,$75.54
07/24/2020,$75.78,5673370,$75.28,$75.995,$75.11
07/23/2020,$75.36,7795081,$76.88,$77.07,$74.9
07/22/2020,$77.24,9213149,$75.52,$77.325,$75.12
07/21/2020,$75.44,10639750,$75.78,$76.8,$75.27
07/20/2020,$74.96,8832692,$74.16,$75.22,$73.6305
07/17/2020,$74.16,6087543,$74.43,$74.55,$73.2101
07/16/2020,$74.39,6649692,$74.9,$75.14,$73.68
07/15/2020,$75.61,10300710,$74.46,$75.805,$73.96
07/14/2020,$72.73,8780867,$72,$72.97,$71.815
07/13/2020,$72.65,9464541,$74.56,$74.84,$72.49
07/10/2020,$74.29,7524157,$73,$74.56,$72.74
07/09/2020,$73.57,9618209,$73.73,$74.22,$71.93
07/08/2020,$74.14,7346243,$74.07,$74.499,$73.33
07/07/2020,$74.25,7515103,$75.13,$75.23,$74
07/06/2020,$75.44,7235277,$74.93,$75.48,$74.16
07/02/2020,$73.78,6544351,$75.04,$75.09,$73.64
07/01/2020,$74.03,6749978,$74,$74.69,$73.38
06/30/2020,$73.59,11323990,$73.58,$73.88,$72.81
06/29/2020,$73.48,8653029,$71.409,$73.5,$71.06
06/26/2020,$71.57,17627840,$73.63,$73.77,$71.25
06/25/2020,$73.85,8624798,$73.216,$74.105,$72.17
06/24/2020,$73.64,12306430,$74.9,$74.92,$72
06/23/2020,$75.49,8076612,$76.33,$76.37,$75.07
06/22/2020,$75.4,8238636,$74.9,$75.651,$73.92
06/19/2020,$75.4,12527330,$77.03,$77.375,$74.88
06/18/2020,$76.31,8485970,$76.72,$76.79,$75.795
06/17/2020,$77.1,6906721,$78.07,$78.29,$76.68
06/16/2020,$77.84,10890110,$78.79,$78.9435,$76.39
06/15/2020,$76.96,14651210,$74.3,$77.91,$74.08
06/12/2020,$76.38,18529830,$75,$76.715,$73.81
06/11/2020,$72.57,26422160,$75.75,$76.79,$72.15
06/10/2020,$79.01,19683810,$79.88,$80.025,$78.2
06/09/2020,$82.37,7999828,$82.62,$83.22,$81.76
06/08/2020,$83.56,10229590,$83.08,$83.62,$82.1828
06/05/2020,$82.14,12030780,$80.33,$82.33,$79.97
06/04/2020,$78.74,7667564,$79.31,$80.17,$78.47
06/03/2020,$79.58,9956666,$78.45,$79.95,$78.3
06/02/2020,$77.78,9521014,$77.97,$78.255,$76.79
06/01/2020,$78.32,7936986,$77.66,$78.65,$76.77
05/29/2020,$77.99,10108990,$78.62,$78.64,$77.26
05/28/2020,$78.54,8333918,$78.64,$80.06,$77.93
05/27/2020,$78.6,8245290,$78.98,$78.98,$77.385
05/26/2020,$77.76,8422249,$79.6,$79.92,$77.575
05/22/2020,$77.62,7653305,$77.9,$78.05,$76.52
05/21/2020,$78.05,10312640,$78.6,$79.375,$77.89
05/20/2020,$77.76,7790481,$77.23,$77.84,$76.52
05/19/2020,$75.86,6484878,$76.4,$77.225,$75.76
05/18/2020,$76.23,8912473,$76.86,$77.5,$76.2
05/15/2020,$74.16,9489146,$72.81,$74.64,$72.6746
05/14/2020,$74.19,11932250,$72.32,$74.29,$70.65
05/13/2020,$73.62,11532700,$74.46,$75.75,$72.92
05/12/2020,$74.35,8549922,$76,$76.73,$74.34
05/11/2020,$75.87,9004538,$76.62,$77.18,$75.795
05/08/2020,$77.87,11921830,$77.25,$77.93,$75.76
05/07/2020,$76,13369310,$73.81,$76.03,$73.37
05/06/2020,$72.96,12740910,$73.767,$74.85,$72.86
05/05/2020,$72.9,12976020,$74.96,$75.08,$72.89
05/04/2020,$71.89,12921800,$72.58,$72.62,$71.255
05/01/2020,$73.79,11216700,$74.9,$75.8799,$73.21
04/30/2020,$76.73,15186030,$76.83,$77.64,$75.19
04/29/2020,$76.86,24575510,$78.18,$78.75,$76.72
04/28/2020,$78.69,12801390,$78.67,$79.61,$76.96
04/27/2020,$77.74,8258468,$76.68,$78.04,$76.54
04/24/2020,$75.58,8460619,$75.75,$76.03,$74.21
04/23/2020,$75.15,15513360,$77.33,$77.67,$74.26
04/22/2020,$77.45,11355290,$74.55,$78.06,$74.43
04/21/2020,$72.72,10345790,$73.4,$73.96,$71.74
04/20/2020,$75.32,9684741,$76.02,$76.98,$75.085
04/17/2020,$77.1,14268390,$76.62,$77.39,$74.97
04/16/2020,$73.51,11946810,$73.11,$73.76,$71.345
04/15/2020,$72.55,10642530,$72.01,$73.175,$70.71
04/14/2020,$73.67,10912000,$73.69,$74.33,$72.66
04/13/2020,$71.76,11191790,$73.52,$73.6,$70.35
04/09/2020,$73.88,19769560,$71.2,$74.255,$70.14
04/08/2020,$71.57,10417640,$69.58,$71.92,$68.5377
04/07/2020,$68.71,13799400,$71.568,$72.48,$68.335
04/06/2020,$67.79,18010770,$66.27,$68.34,$64.41
04/03/2020,$63.05,14676460,$64.47,$64.75,$60.9
04/02/2020,$65,18175040,$65.75,$68.7,$62.91
04/01/2020,$62.62,12880410,$63,$64.76,$61.58
03/31/2020,$65.74,20109800,$67.18,$68.32,$65.31
03/30/2020,$67.86,14199720,$66.56,$68.2199,$64.58
03/27/2020,$66.34,18950460,$66.68,$68.25,$64.8202
03/26/2020,$69.9,21005280,$66.71,$71.58,$66.25
03/25/2020,$65.81,22977190,$66.83,$69.64,$63.4927
03/24/2020,$64.88,28286190,$62.61,$65.16,$61
03/23/2020,$56.55,24905790,$57.23,$57.44,$54
03/20/2020,$58.03,28420580,$62.3,$65.68,$57.91
03/19/2020,$61.41,25167420,$56.23,$63.36,$53.55
03/18/2020,$56.33,28770620,$55.55,$57.65,$50.02
03/17/2020,$58.98,25045190,$59.55,$59.6199,$53.61
03/16/2020,$58.59,23354350,$60.63,$63.949,$58.11
03/13/2020,$69.92,19247180,$65.65,$70.18,$63.51
03/12/2020,$62.1,25170630,$62.954,$66.793,$61.46
03/11/2020,$68.3,17161370,$72.83,$74.27,$67.4
03/10/2020,$74.87,18414050,$72.56,$74.95,$70.03
03/09/2020,$70.83,15930310,$70.58,$74.03,$70.08
03/06/2020,$75.34,18080150,$73.46,$75.71,$72.05
03/05/2020,$76.19,12545270,$77.9,$77.9,$75.28
03/04/2020,$79.67,10999610,$79.29,$80.2,$77.88
03/03/2020,$78.6,12395890,$82.3,$82.615,$78.11
03/02/2020,$82.38,14258680,$77.92,$82.41,$77.66
02/28/2020,$78.43,19120250,$76.17,$78.81,$75.72
02/27/2020,$78.29,17120830,$78.83,$80.87,$77.36
02/26/2020,$80.67,10549300,$82.6,$83.24,$80.64
02/25/2020,$82.19,9403953,$85.02,$85.35,$81.67
02/24/2020,$84.52,8313643,$84.53,$86.0513,$84.26
02/21/2020,$87.36,5801705,$88,$88.39,$87
02/20/2020,$88.6,5969200,$89.73,$90.25,$87.73
02/19/2020,$90.14,5210834,$89.49,$90.435,$89.3
02/18/2020,$89.23,5291147,$89.37,$89.47,$88.29
02/14/2020,$89.28,5686868,$90.18,$90.4099,$88.99
02/13/2020,$89.925,8576615,$88.5,$90.505,$88.26
02/12/2020,$88.57,7747787,$87.71,$89.1,$87.39
02/11/2020,$87.51,5098622,$87.86,$88.2299,$87.35
02/10/2020,$87.53,7289281,$86.43,$87.6175,$86.1675
02/07/2020,$86.42,8073908,$85.76,$86.62,$85.315
02/06/2020,$86.15,8901403,$87.65,$87.695,$86.15
02/05/2020,$87.56,9982673,$88.88,$89.2,$86.63
02/04/2020,$88.38,9997071,$87.14,$89,$86.62
02/03/2020,$86.01,9092620,$85.07,$86.7863,$85.07
01/31/2020,$84.83,11693900,$85.79,$85.9924,$84.52
01/30/2020,$85.84,12224940,$85.45,$86.59,$84.69
01/29/2020,$86.72,17703900,$88.15,$88.44,$85.6
01/28/2020,$88.6,11922400,$89.05,$89.188,$87.72
01/27/2020,$88.73,11066490,$88.63,$89.45,$87.55
01/24/2020,$92.03,7815501,$94,$94.13,$91.34
01/23/2020,$93.75,6100777,$91.92,$93.85,$90.74
01/22/2020,$92.53,6157412,$93.14,$93.75,$92.47
01/21/2020,$92.53,7094559,$92.83,$93.595,$92.19
01/17/2020,$93.62,6962787,$92.93,$93.75,$92.8099
01/16/2020,$92.58,5180320,$91.99,$92.61,$91.63
01/15/2020,$91.54,6145518,$91,$92.06,$91
01/14/2020,$90.99,5855400,$91.19,$91.44,$90.86
01/13/2020,$91.08,7382968,$90.62,$91.715,$90.21
01/10/2020,$90.16,7098085,$90.8,$90.89,$89.63
01/09/2020,$90.53,9450166,$90.25,$91.16,$90.07
01/08/2020,$88.88,7297235,$87.94,$89.35,$87.78
01/07/2020,$87.86,6533541,$87.96,$88.03,$87.13
01/06/2020,$88.13,5409850,$88.11,$88.41,$87.47
01/03/2020,$88.83,4874916,$88.66,$89.1,$88.1
01/02/2020,$89.35,6475843,$88.12,$89.35,$88.05
12/31/2019,$87.92,4116734,$87.44,$87.99,$87.31
12/30/2019,$87.44,4656289,$88.01,$88.2,$87.06
12/27/2019,$88.13,4130878,$88.11,$88.46,$87.69
12/26/2019,$88.075,4180261,$88.73,$88.76,$87.79
12/24/2019,$88.52,1847770,$88.2,$88.5977,$88
12/23/2019,$88.23,4349884,$88.62,$88.85,$88.175
12/20/2019,$88.46,14271660,$88.785,$89,$87.89
12/19/2019,$88.52,6023454,$87.83,$88.585,$87.58
12/18/2019,$87.99,5859211,$88.39,$88.85,$87.815
12/17/2019,$88.13,7297423,$88.87,$88.97,$87.47
12/16/2019,$88.78,6706045,$89.14,$89.3,$88.43
12/13/2019,$88.67,6718109,$88.02,$88.7897,$87.58
12/12/2019,$88.21,10293870,$88,$88.8868,$87.54
12/11/2019,$86.59,4922698,$86.26,$86.8699,$85.85
12/10/2019,$86.04,7945126,$86.5,$87.465,$85.91
12/09/2019,$86.28,7170822,$86.31,$86.63,$85.96
12/06/2019,$86.32,8501814,$85.03,$86.53,$85.03
12/05/2019,$84.45,5171388,$85.44,$85.4826,$84.32
12/04/2019,$85.4,5940602,$85.13,$85.54,$84.7048
12/03/2019,$84.82,6077628,$84.03,$85,$83.8213
12/02/2019,$84.57,6428428,$85.38,$85.77,$83.82
11/29/2019,$85.43,3857027,$85.91,$86.73,$85.25
11/27/2019,$85.77,7506564,$84.85,$85.81,$84.42
11/26/2019,$84.56,7652316,$84.13,$84.65,$84
11/25/2019,$83.75,5450981,$83.16,$84,$82.93
11/22/2019,$83.02,6080782,$82.69,$83.39,$82.66
11/21/2019,$82.3,8300483,$83.75,$84.04,$81.762
11/20/2019,$83.6,6251318,$83.54,$84.49,$82.98
11/19/2019,$83.66,6010423,$84.06,$84.28,$83.5708
11/18/2019,$84.02,6433068,$83.92,$84.11,$83.2505
11/15/2019,$84.21,7537205,$84.68,$84.94,$83.57
11/14/2019,$84.38,5287433,$84.1,$84.52,$83.8
11/13/2019,$83.94,7439003,$83.29,$84.29,$83.2
11/12/2019,$83.32,8552693,$82.69,$83.976,$82.605
11/11/2019,$82.43,5832575,$81.75,$82.5312,$81.37
11/08/2019,$81.77,7088064,$82.19,$82.64,$81.45
11/07/2019,$81.95,7221382,$83.06,$83.29,$81.84
11/06/2019,$82.99,6365267,$82.08,$83.37,$82
11/05/2019,$81.89,7054400,$82.34,$82.34,$81.0301
11/04/2019,$82.37,8271187,$83.3,$83.435,$81.9
11/01/2019,$83.21,10658470,$84.79,$85.31,$82.61
10/31/2019,$84.56,14008810,$86.71,$87.22,$83.28
10/30/2019,$84.19,8731291,$84.61,$84.7,$83.32
10/29/2019,$84.13,5699093,$83.81,$84.63,$83.64
10/28/2019,$83.6,6653357,$84.47,$84.98,$83.36
10/25/2019,$83.38,5235296,$83.21,$83.565,$82.63
10/24/2019,$83.18,4632619,$82.8,$83.53,$82.6605
10/23/2019,$82.74,7186615,$84.31,$84.41,$82.1262
10/22/2019,$83.46,5806608,$85.23,$85.35,$83.39
10/21/2019,$85.35,5007111,$86,$86.24,$85.0801
10/18/2019,$86.03,4631218,$86.35,$86.75,$85.52
10/17/2019,$86.29,4397738,$86.88,$87.02,$86.16
10/16/2019,$86.71,3706830,$86.53,$86.83,$86.045
10/15/2019,$86.45,4722624,$87,$87.25,$85.76
10/14/2019,$86.62,4936604,$86.5,$87.68,$86.4
10/11/2019,$86.36,5621572,$87.02,$87.25,$86.26
10/10/2019,$85.96,4257671,$85.91,$86.0658,$85.38
10/09/2019,$85.85,4450259,$85.37,$86.17,$85.28
10/08/2019,$84.91,6386914,$85.49,$86.33,$84.69
10/07/2019,$85.85,4445596,$85.71,$86.16,$85.49
10/04/2019,$85.92,5891718,$84.9,$85.97,$84.746
10/03/2019,$84.67,6061699,$84.3,$84.91,$83.61
10/02/2019,$84.32,10036460,$85.95,$86.01,$84.16
10/01/2019,$86.51,6805628,$88.63,$88.894,$86.45
09/30/2019,$88.42,6650433,$88.41,$88.56,$87.61
09/27/2019,$88.37,5988453,$90.3,$90.3,$87.79
09/26/2019,$89.8,5531821,$90.84,$91.15,$89.5
09/25/2019,$90.35,5263768,$89.94,$90.61,$89.02
09/24/2019,$89.92,5688165,$91.6,$91.77,$89.51
09/23/2019,$90.81,4943643,$90.32,$91.16,$89.93
09/20/2019,$90.07,11241790,$91.61,$92.08,$90.06
09/19/2019,$91.56,4874742,$90.99,$92.1,$90.3
09/18/2019,$90.96,4559657,$90.98,$91.36,$90.06
09/17/2019,$90.75,6511690,$89.67,$91.46,$89.65
09/16/2019,$89.42,6339236,$90.02,$90.45,$89.3769
09/13/2019,$90.48,6972260,$92.145,$92.145,$90.315
09/12/2019,$92.06,6862165,$92.16,$93.315,$91.77
09/11/2019,$90.98,8406555,$90.18,$91.45,$89.61
09/10/2019,$90.35,12490900,$93.81,$93.88,$89.3033
09/09/2019,$94.16,6523299,$95.8,$95.93,$93.74
09/06/2019,$95.74,3991773,$95.75,$96.34,$95.51
09/05/2019,$95.56,5514796,$96.54,$96.96,$95.17
09/04/2019,$96.11,12937510,$94.48,$96.3258,$93.032
09/03/2019,$96.77,5150830,$96.42,$97.21,$96.05
08/30/2019,$96.56,5210451,$98.14,$98.14,$96.105
08/29/2019,$97.7,4514498,$97.85,$98.07,$97.06
08/28/2019,$97.07,4948761,$96.23,$97.21,$96
08/27/2019,$96.09,6540103,$96.7,$97.1,$96.03
08/26/2019,$96.5,5806558,$95.38,$96.5,$95
08/23/2019,$94.7,8077465,$96.41,$97.1,$94.39
08/22/2019,$96.49,5147125,$96.59,$96.85,$95.7
08/21/2019,$96.32,4740743,$96.27,$96.65,$95.73
08/20/2019,$95.63,6809918,$96.35,$97.12,$95.59
08/19/2019,$96.66,5325315,$97.23,$97.4071,$96.2203
08/16/2019,$96.52,5032916,$96.29,$96.83,$95.8525
08/15/2019,$95.53,5566890,$95.5,$96.27,$94.61
08/14/2019,$94.92,9989526,$95.91,$97.0238,$94.87
08/13/2019,$96.63,8938251,$94.52,$96.67,$94.21
08/12/2019,$94.91,5513811,$95.78,$96.02,$94.3
08/09/2019,$96.3,5209181,$96.15,$96.84,$95.42
08/08/2019,$96.27,7423616,$95.23,$96.4133,$94.435
08/07/2019,$95.22,6414046,$94.6,$95.7,$94.17
08/06/2019,$95.34,7437982,$94.31,$95.71,$93.8
08/05/2019,$93.7,8917441,$94.51,$95.52,$93.03
08/02/2019,$95.51,6381721,$95,$96.04,$94.8
08/01/2019,$95.38,8342662,$95,$97.58,$94.58
07/31/2019,$94.69,9912147,$96.65,$96.65,$93.5
07/30/2019,$96.65,7248270,$97.5,$98.275,$96.52
07/29/2019,$98.02,11184510,$98.05,$98.94,$97.208
07/26/2019,$99.11,20846460,$96.4,$99.72,$95.21
07/25/2019,$90.98,8106322,$91.49,$91.55,$90.47
07/24/2019,$90.65,5388138,$89.9,$90.75,$89.68
07/23/2019,$90.11,7609248,$91.25,$91.36,$89.17
07/22/2019,$90.92,5636657,$90.52,$91.18,$90.05
07/19/2019,$90.3,10804900,$91.41,$91.61,$90.2342
07/18/2019,$91.5,6471383,$90.33,$91.54,$89.95
07/17/2019,$90.25,4636215,$90.08,$90.38,$89.7278
07/16/2019,$90.08,5591855,$90.22,$90.48,$89.59
07/15/2019,$90.16,6061252,$89.87,$90.34,$89.66
07/12/2019,$89.77,5628010,$89.28,$89.82,$88.85
07/11/2019,$89.07,6191375,$88.66,$89.29,$88.265
07/10/2019,$88.38,5293013,$87.42,$88.54,$87.42
07/09/2019,$87.23,5355536,$87.29,$87.65,$86.89
07/08/2019,$87.44,6359676,$87.6,$87.95,$87.18
07/05/2019,$87.79,5733239,$87.5,$87.8855,$86.88
07/03/2019,$87.79,7818552,$86.04,$87.82,$85.98
07/02/2019,$85.51,6206087,$84.74,$85.59,$84.52
07/01/2019,$84.55,7940539,$84.62,$84.96,$84.03
06/28/2019,$83.83,6735620,$83.56,$83.96,$83.32
06/27/2019,$83.56,6084200,$83.55,$83.89,$83.21
06/26/2019,$83.38,7576443,$84.3,$84.3,$83.18
06/25/2019,$84.25,7312327,$84.2,$85.2,$83.96
06/24/2019,$83.65,6692691,$84.08,$84.56,$83.61
06/21/2019,$83.82,12610160,$84.43,$84.7701,$83.81
06/20/2019,$84.69,5216143,$84.41,$84.8292,$83.83
06/19/2019,$83.81,5401369,$83.08,$83.92,$82.08
06/18/2019,$82.92,10582590,$83.55,$84.11,$82.885
06/17/2019,$83.02,9313807,$84.65,$84.69,$82.8949
06/14/2019,$84.24,9226463,$83.54,$84.61,$83.39
06/13/2019,$83.35,7156842,$83.33,$84.05,$83.02
06/12/2019,$82.93,6089028,$82.59,$83.67,$82.32
06/11/2019,$82.37,6226559,$82.3,$82.86,$81.85
06/10/2019,$81.93,8102783,$82.85,$82.86,$81.38
06/07/2019,$82.48,11278800,$81.6,$83.33,$81.51
06/06/2019,$81.4,10457250,$80.03,$81.63,$79.9
06/05/2019,$79.96,7437117,$78.79,$79.97,$78.66
06/04/2019,$78.52,11685010,$76.77,$78.755,$76.66
06/03/2019,$76.22,8122316,$76.12,$76.53,$75.65
05/31/2019,$76.06,7625694,$75.6,$76.32,$75.38
05/30/2019,$76.17,7178431,$75.65,$76.43,$75.63
05/29/2019,$75.28,10511590,$75.33,$75.49,$74.33
05/28/2019,$75.7,16205160,$76.36,$76.68,$75.32
05/24/2019,$76.15,5627633,$76.83,$77.06,$75.97
05/23/2019,$76.41,9213376,$76.88,$76.94,$75.69
05/22/2019,$77.25,5602516,$77.2,$77.715,$76.91
05/21/2019,$77.53,5808516,$77.05,$77.85,$76.75
05/20/2019,$76.66,11474970,$78.3,$78.42,$76.57
05/17/2019,$78.91,7380077,$78.52,$79.6501,$78.37
05/16/2019,$78.9,6941762,$77.66,$79.24,$77.57
05/15/2019,$77.76,5415741,$76.69,$77.94,$76.525
05/14/2019,$77.06,6871125,$76.75,$77.74,$76.68
05/13/2019,$76.68,9778829,$77.25,$77.78,$76.08
05/10/2019,$78.42,6448552,$77.63,$78.8,$77.16
05/09/2019,$77.9,7326756,$77.58,$78.23,$77.345
05/08/2019,$78.05,7799892,$77.58,$78.64,$77.12
05/07/2019,$77.96,8115808,$77.57,$78.74,$77.42
05/06/2019,$78.06,5607843,$77.2,$78.08,$77.02
05/03/2019,$78.05,4967928,$77.59,$78.4,$77.34
05/02/2019,$77.47,6247550,$77.66,$77.76,$76.75
05/01/2019,$77.52,6678194,$77.67,$78.15,$77.37
04/30/2019,$77.68,7382071,$77,$77.79,$76.69
04/29/2019,$76.91,5398125,$77.3,$77.67,$76.59
04/26/2019,$77.45,12549410,$76.95,$77.52,$75.06
04/25/2019,$77.11,11016420,$76.11,$77.23,$75.95
04/24/2019,$76.39,8247468,$76.05,$76.88,$75.91
04/23/2019,$75.99,5273777,$75.48,$76.06,$75.41
04/22/2019,$75.4,4882354,$75.71,$76.06,$75.21
04/18/2019,$76.06,6606672,$75.48,$76.26,$75.21
04/17/2019,$75.12,8500302,$75.61,$75.96,$74.8
04/16/2019,$75.7,8336593,$76.48,$76.56,$75.365
04/15/2019,$76.16,7632141,$76.67,$76.7,$76.08
04/12/2019,$76.65,5193888,$76.1,$76.95,$76.07
04/11/2019,$75.87,6042545,$75.75,$76.07,$75.65
04/10/2019,$75.48,5889004,$75.21,$75.815,$75.21
04/09/2019,$75.12,4904315,$74.87,$75.23,$74.8
04/08/2019,$75.2,5140364,$74.47,$75.3,$74.47
04/05/2019,$75.03,5346074,$74.35,$75.08,$74.35
04/04/2019,$74.35,5449810,$74.5,$74.67,$73.98
04/03/2019,$74.33,6687644,$74.56,$74.78,$73.87
04/02/2019,$74.27,5514229,$74.01,$74.45,$73.84
04/01/2019,$73.96,7976126,$74.76,$74.93,$73.73
03/29/2019,$74.34,8972463,$74.01,$74.4801,$73.53
03/28/2019,$73.96,6594556,$72.97,$73.98,$72.89
03/27/2019,$72.74,7654798,$72.94,$73.26,$72.62
03/26/2019,$72.96,7618942,$72.72,$73.19,$72.33
03/25/2019,$72.3,6153365,$72,$72.4755,$71.73
03/22/2019,$71.96,6888173,$72.05,$72.41,$71.69
03/21/2019,$72.26,7980758,$71.32,$72.435,$71.32
03/20/2019,$71.63,9507089,$71.8,$72.4,$71.34
03/19/2019,$71.38,6883371,$70.95,$71.7,$70.87
03/18/2019,$70.84,5643909,$70.78,$71.12,$70.4438
03/15/2019,$70.67,13094560,$70.8,$71.21,$70.54
03/14/2019,$70.74,8906414,$70.19,$70.885,$70.19
03/13/2019,$70.1,13731730,$70.09,$70.9,$69.98
03/12/2019,$70.05,12750950,$69.74,$70.58,$69.69
03/11/2019,$69.68,11405540,$69.38,$70.005,$69.14
03/08/2019,$69.36,12224440,$70.15,$70.27,$69.03
03/07/2019,$70.61,7361342,$71.2,$71.36,$70.46
03/06/2019,$71.27,7620320,$71.81,$72.18,$71.16
03/05/2019,$71.58,10492690,$71.19,$71.89,$71.06
03/04/2019,$70.95,9217796,$70.99,$71.35,$70.37
03/01/2019,$70.85,8059464,$70.63,$71.11,$70.4515
02/28/2019,$70.26,18098330,$70.14,$70.49,$69.78
02/27/2019,$70.15,13273430,$70.83,$71.13,$69.92
02/26/2019,$71.14,11982960,$71,$71.45,$70.92
02/25/2019,$71.05,8223885,$71.9,$72.07,$70.98
02/22/2019,$71.3,11311420,$70.76,$71.39,$70.75
02/21/2019,$70.7,10861370,$70.14,$70.93,$70.14
02/20/2019,$70.39,9626399,$70.23,$70.6,$70.05
02/19/2019,$70.2,9204672,$70.46,$70.6,$69.78
02/15/2019,$70.71,13883140,$71.15,$71.37,$70.1935
02/14/2019,$70.84,9438372,$70.13,$71.54,$69.97
02/13/2019,$70.51,10208920,$69.81,$70.6,$69.8
02/12/2019,$69.75,8846598,$70.24,$70.46,$69.71
02/11/2019,$69.99,9228304,$70,$70.465,$69.847
02/08/2019,$69.75,8861797,$68.77,$69.82,$68.6
02/07/2019,$69.14,10107900,$68.6,$69.21,$68.48
02/06/2019,$68.85,9858533,$69.23,$69.3874,$68.5
02/05/2019,$69.34,12780460,$67.76,$69.41,$67.64
02/04/2019,$67.58,13547000,$68.03,$68.11,$67.08
02/01/2019,$68.11,10306100,$68.59,$69.315,$68
01/31/2019,$68.14,24060540,$68.18,$69.49,$67.08
01/30/2019,$68.15,11670240,$67.11,$68.21,$67.05
01/29/2019,$67.04,10696490,$67,$67.5,$66.2
01/28/2019,$66.9,11504700,$66.19,$66.955,$65.91
01/25/2019,$67.09,21880510,$67.03,$67.69,$66.1
01/24/2019,$64.74,29579510,$66.61,$66.76,$62.93
01/23/2019,$66.43,12304110,$65.88,$66.6965,$65.81
01/22/2019,$65.39,16400720,$64.9,$66.21,$64.75
01/18/2019,$64.7,9637932,$64.81,$64.81,$63.86
01/17/2019,$64.28,6682389,$63.68,$64.39,$63.6
01/16/2019,$63.77,8072806,$64.2,$64.82,$63.75
01/15/2019,$64.08,7912667,$63.58,$64.625,$63.45
01/14/2019,$63.37,9928137,$63.35,$64.055,$62.98
01/11/2019,$63.73,13798320,$62.29,$63.84,$61.6701
01/10/2019,$64.19,10395910,$63.61,$64.39,$63.24
01/09/2019,$63.88,13079660,$63.65,$64.04,$62.95
01/08/2019,$63.62,10789540,$63.94,$64.29,$63.05
01/07/2019,$63.57,10162040,$63.35,$64.24,$62.74
01/04/2019,$63.57,12692430,$62.4,$64.25,$62.08
01/03/2019,$61.53,14376930,$63.46,$63.72,$61.395
01/02/2019,$64.32,10022120,$63.68,$64.37,$63.209
12/31/2018,$64.4,7689617,$63.77,$64.61,$63.66
12/28/2018,$63.39,7711871,$63.31,$64.12,$63.1747
12/27/2018,$63.2,11303400,$62.62,$63.24,$61.62
12/26/2018,$63.08,16457050,$60.95,$63.23,$60.67
12/24/2018,$60.56,6323252,$61.48,$61.82,$60.42
12/21/2018,$61.39,23524320,$62.31,$63.205,$61.38
12/20/2018,$62.15,20257170,$63.61,$63.8,$61.4499
12/19/2018,$64.06,14202190,$65.16,$65.9,$63.68
12/18/2018,$64.92,10453850,$64.77,$65.4,$64.55
12/17/2018,$64.47,15021780,$65,$65.625,$64.0799
12/14/2018,$65.34,16828880,$64.44,$65.84,$63.58
12/13/2018,$66.91,9977871,$66.29,$67.2243,$66.13
12/12/2018,$66.13,11082400,$66,$66.93,$66
12/11/2018,$65.92,10902980,$66.22,$66.92,$65.52
12/10/2018,$65.49,12102430,$65.47,$65.8,$64.45
12/07/2018,$65.47,11050510,$66.17,$66.64,$65.2
12/06/2018,$66.55,17080780,$66.13,$66.67,$65.59
12/04/2018,$66.65,13164400,$67.47,$68.15,$66.45
12/03/2018,$67.5,13758450,$67.37,$68.055,$66.66
11/30/2018,$66.72,27024850,$66.86,$67.38,$66.65
11/29/2018,$66.88,9575694,$66.68,$67.28,$66.12
11/28/2018,$66.82,12858780,$66.18,$66.99,$65.48
11/27/2018,$66.08,13149980,$65.46,$66.55,$65.31
11/26/2018,$65.69,13054190,$65.98,$66.12,$65.205
11/23/2018,$65.7,7779765,$66.24,$66.24,$65.26
11/21/2018,$66.77,10977950,$67.47,$67.98,$66.75
11/20/2018,$67.18,11207710,$67.39,$67.88,$66.76
11/19/2018,$67.91,10829380,$68.1,$68.4704,$67.2299
11/16/2018,$68.16,9276178,$67.3,$68.5306,$67.09
11/15/2018,$67.62,15234650,$66.71,$67.76,$66.36
11/14/2018,$67.04,13317370,$67.3,$67.95,$66.73
11/13/2018,$67.41,16629730,$67.94,$68.28,$67.1
11/12/2018,$67.91,12749330,$68.44,$68.94,$67.8
11/09/2018,$68.6,8627885,$68.49,$68.96,$68.08
11/08/2018,$68.72,14079700,$67.775,$68.98,$67.63
11/07/2018,$68.16,16463590,$66.29,$68.21,$66.04
11/06/2018,$66.01,15813020,$64.3,$66.08,$64.25
11/05/2018,$64.48,23240880,$63.93,$65.13,$63.82
11/02/2018,$64.32,45466560,$61.99,$65.68,$61.9
11/01/2018,$58.63,18523500,$58.3,$59.07,$58.07
10/31/2018,$58.27,11558540,$58.98,$59.12,$58.21
10/30/2018,$58.59,14228620,$58.43,$58.87,$57.69
10/29/2018,$58.37,14338370,$58.68,$59.68,$57.7
10/26/2018,$58.07,13363780,$58.04,$58.36,$57.39
10/25/2018,$58.96,9551147,$58.29,$59.465,$57.7
10/24/2018,$58.06,11864560,$58.57,$59.28,$57.95
10/23/2018,$58.81,12830870,$58.36,$59.3,$58.21
10/22/2018,$58.9,8597308,$58.93,$59.36,$58.58
10/19/2018,$58.66,10091750,$58.39,$59.07,$58.39
10/18/2018,$58.64,12184600,$59,$59.53,$58.15
10/17/2018,$59.1,14629470,$57.9,$59.395,$57.78
10/16/2018,$57.81,11729840,$56.94,$58.01,$56.77
10/15/2018,$56.75,10109780,$56.37,$57.19,$56.3105
10/12/2018,$56.45,13886480,$55.71,$56.78,$55.28
10/11/2018,$54.86,15189800,$55.7,$56.27,$54.705
10/10/2018,$56.01,14158690,$57.67,$57.87,$55.94
10/09/2018,$57.71,24847970,$56.83,$59.7,$56.81
10/08/2018,$56.54,9599509,$55.82,$56.75,$55.45
10/05/2018,$55.76,9731651,$55.95,$55.95,$55.305
10/04/2018,$55.89,9721169,$55.78,$56.08,$55.5
10/03/2018,$55.47,7381162,$55.8,$56.11,$55.46
10/02/2018,$55.59,12642640,$55.55,$56.01,$55.29
10/01/2018,$55.58,12666540,$56.91,$56.95,$55.53
09/28/2018,$56.84,8969100,$57.39,$57.39,$56.78
09/27/2018,$57.34,6584421,$57.1,$57.785,$57.1
09/26/2018,$57.27,7714013,$56.77,$57.84,$56.75
09/25/2018,$56.9,9429815,$56.98,$57.29,$56.83
09/24/2018,$56.69,10610480,$56.94,$57.36,$56.58
09/21/2018,$57.45,25670350,$56.55,$57.5661,$56.52
09/20/2018,$56.43,10542920,$55.6,$56.73,$55.6
09/19/2018,$55.43,7384867,$55.22,$55.79,$54.9
09/18/2018,$55.07,7541316,$54.48,$55.28,$54.1
09/17/2018,$54.57,9126038,$54.7,$54.86,$54.275
09/14/2018,$54.75,6417092,$55,$55,$54.61
09/13/2018,$54.89,8423806,$55.12,$55.57,$54.74
09/12/2018,$54.97,7289968,$55.2,$55.2,$54.3263
09/11/2018,$55.12,7871985,$54.83,$55.395,$54.765
09/10/2018,$54.97,8619864,$54.94,$55.11,$54.57
09/07/2018,$54.86,10156440,$54.2,$54.96,$54.16
09/06/2018,$54.21,7803346,$53.66,$54.35,$53.65
09/05/2018,$53.79,7961785,$53.47,$53.98,$53.29
09/04/2018,$53.53,8133777,$53.44,$53.69,$53.2148
08/31/2018,$53.45,10848780,$52.46,$53.71,$52.451
08/30/2018,$53.1,5534544,$53.12,$53.41,$52.97
08/29/2018,$53.25,6582652,$53.07,$53.4399,$52.72
08/28/2018,$53.05,7088216,$53.02,$53.47,$52.98
08/27/2018,$52.97,6433640,$52.99,$53.18,$52.81
08/24/2018,$52.75,9711944,$52.82,$52.92,$52.42
08/23/2018,$52.66,8258940,$52.76,$53.19,$52.56
08/22/2018,$52.82,10274100,$53.55,$53.64,$52.66
08/21/2018,$54,7682990,$54.17,$54.44,$53.95
08/20/2018,$53.92,9783985,$53.71,$54.16,$53.7
08/17/2018,$53.56,8166586,$52.95,$53.61,$52.95
08/16/2018,$53.04,8691672,$52.98,$53.36,$52.92
08/15/2018,$52.75,9565731,$52.31,$52.94,$52.3
08/14/2018,$52.59,9384243,$51.85,$52.74,$51.79
08/13/2018,$51.81,7911219,$51.62,$51.96,$51.47
08/10/2018,$51.51,10537300,$51.59,$51.63,$51.195
08/09/2018,$51.92,6938535,$51.53,$52.02,$51.32
08/08/2018,$51.55,7256078,$51.83,$51.93,$51.36
08/07/2018,$52.07,5868671,$52.08,$52.205,$51.8
08/06/2018,$52.07,6502582,$52.1,$52.27,$51.8
08/03/2018,$52.23,8227457,$51.7,$52.45,$51.58
08/02/2018,$51.68,13632860,$52.1,$52.35,$51.43
08/01/2018,$51.93,11951110,$52.24,$52.24,$51.25
07/31/2018,$52.39,9196505,$52.03,$52.69,$51.85
07/30/2018,$51.9,14429820,$52.2,$52.845,$51.76
07/27/2018,$52.15,15768100,$51.4999,$52.6,$50.2101
07/26/2018,$51.45,10897310,$51.68,$51.84,$51.34
07/25/2018,$51.62,11348180,$51.01,$51.72,$51.01
07/24/2018,$51.17,9919452,$51.3,$51.7198,$51.06
07/23/2018,$51.19,8384776,$50.76,$51.27,$50.76
07/20/2018,$50.91,11024060,$51.06,$51.2425,$50.75
07/19/2018,$51.34,11342410,$51.11,$51.49,$51
07/18/2018,$51.15,13532890,$51.34,$51.6185,$51
07/17/2018,$51.28,11417080,$50.66,$51.3,$50.6
07/16/2018,$50.94,16947850,$51.55,$51.55,$50.69
07/13/2018,$51.62,21716810,$50.26,$51.65,$50.26
07/12/2018,$50.25,9334851,$50.36,$50.656,$50.2
07/11/2018,$50.14,9525525,$50.22,$50.475,$50.02
07/10/2018,$50.42,9028449,$50.08,$50.51,$49.9645
07/09/2018,$49.9,12797580,$49.21,$50.05,$49.21
07/06/2018,$48.98,10574120,$48.9,$49.19,$48.58
07/05/2018,$48.61,9579896,$48.92,$49.03,$48.4
07/03/2018,$48.77,7517541,$49.15,$49.3,$48.76
07/02/2018,$49.06,9865953,$48.64,$49.1,$48.5468
06/29/2018,$48.85,17316790,$48.08,$49.26,$48.08
06/28/2018,$48.54,33177680,$49.45,$49.48,$47.37
06/27/2018,$49.84,14562940,$50.52,$50.53,$49.84
06/26/2018,$50.38,12901790,$50.51,$50.63,$50.11
06/25/2018,$50.66,15575390,$51.16,$51.4366,$50.21
06/22/2018,$51.24,24278310,$51,$51.72,$50.82
06/21/2018,$50.62,30701650,$52.29,$52.63,$50.36
06/20/2018,$52.22,62013600,$54.83,$55.01,$51.58
06/19/2018,$57.43,9770572,$56.65,$57.5,$56.34
06/18/2018,$57.22,9466980,$56.77,$57.32,$56.105
06/15/2018,$57.11,12407790,$57.04,$57.21,$56.459
06/14/2018,$57.02,11036920,$56.46,$57.07,$56.31
06/13/2018,$56.21,8092480,$56.51,$56.7,$56.18
06/12/2018,$56.48,8190882,$56.6,$56.9,$56.3
06/11/2018,$56.48,7148007,$56.61,$56.74,$56.27
06/08/2018,$56.6,8213846,$56.92,$57.06,$56.52
06/07/2018,$57.14,7919685,$57.29,$57.94,$57.09
06/06/2018,$57.17,13696180,$55.835,$57.18,$55.62
06/05/2018,$55.68,18276950,$56.69,$56.7,$55.28
06/04/2018,$57.07,7428360,$57.1,$57.2,$56.8
06/01/2018,$56.91,4967434,$56.84,$57.03,$56.6068
05/31/2018,$56.67,9430834,$57.18,$57.4658,$56.55
05/30/2018,$57.48,5731360,$57.43,$57.66,$57.15
05/29/2018,$57.23,6474424,$57.7,$57.88,$57.01
05/25/2018,$57.92,6740372,$57.68,$58.38,$57.58
05/24/2018,$57.68,5681311,$57.44,$57.74,$57.115
05/23/2018,$57.49,5331787,$56.8,$57.57,$56.76
05/22/2018,$56.96,5355188,$57.5,$57.62,$56.91
05/21/2018,$57.34,5270777,$57.4,$57.82,$57.2605
05/18/2018,$57.16,7715141,$57.27,$57.39,$56.86
05/17/2018,$57.2,6109593,$57.2,$57.35,$56.98
05/16/2018,$57.15,4822120,$56.83,$57.325,$56.79
05/15/2018,$56.64,7409368,$57,$57.1,$56.35
05/14/2018,$57.13,5871061,$57.36,$57.51,$56.99
05/11/2018,$57.27,5843391,$57.72,$57.86,$57.07
05/10/2018,$57.65,6564413,$57.18,$57.7,$57.02
05/09/2018,$57.04,7005284,$57.43,$57.62,$56.79
05/08/2018,$57.67,7113965,$57.45,$57.71,$57.001
05/07/2018,$57.45,10658450,$58.99,$59.04,$57.2748
05/04/2018,$57.68,9278074,$56.54,$57.93,$56.49
05/03/2018,$56.13,7146599,$56.52,$56.57,$55.54
05/02/2018,$56.7,7298622,$58.06,$58.09,$56.53
05/01/2018,$58.13,7257339,$57.67,$58.25,$57.44
04/30/2018,$57.57,7836976,$58.39,$58.51,$57.46
04/27/2018,$58.36,11967860,$58.07,$58.98,$57.5
04/26/2018,$59.38,14418550,$58.11,$60.18,$57.85
04/25/2018,$57.71,8290919,$58.27,$58.27,$57.29
04/24/2018,$57.81,7774972,$58.48,$58.66,$57.65
04/23/2018,$58.16,8334186,$58.01,$58.73,$57.69
04/20/2018,$58,11930050,$59.03,$59.18,$57.795
04/19/2018,$59.22,6249694,$59.42,$59.49,$58.73
04/18/2018,$59.5,5907794,$59.73,$59.83,$59.44
04/17/2018,$59.83,6126851,$59.75,$60,$59.4
04/16/2018,$59.43,6117461,$59.13,$59.69,$58.84
04/13/2018,$59.24,6412343,$59,$59.55,$58.96
04/12/2018,$59.43,6063514,$59.66,$60.12,$59.42
04/11/2018,$59.42,5387146,$59.19,$59.71,$59
04/10/2018,$59.41,6546109,$59.11,$59.49,$58.87
04/09/2018,$58.7,8023309,$58.54,$59.37,$58.42
04/06/2018,$58.34,8258422,$58.78,$59.135,$58.09
04/05/2018,$59.14,6279071,$59,$59.27,$58.855
04/04/2018,$58.83,7891234,$57.25,$58.97,$57.21
04/03/2018,$58,10894760,$56.55,$58.045,$56.445
04/02/2018,$56.24,16733260,$57.52,$57.73,$55.38
03/29/2018,$57.89,11999600,$57.26,$58.14,$56.83
03/28/2018,$57.9,9238795,$57.5,$58.1,$57.22
03/27/2018,$57.46,7473294,$58.1,$58.5,$57.14
03/26/2018,$57.8,8439057,$56.96,$58,$56.55
03/23/2018,$56.31,9462861,$57.78,$58.07,$56.31
03/22/2018,$57.77,6806785,$58.03,$58.72,$57.75
03/21/2018,$58.47,6568790,$58.75,$59.55,$58.39
03/20/2018,$58.66,5861507,$58.45,$58.98,$58.45
03/19/2018,$58.3,8799524,$58.7,$58.85,$57.8
03/16/2018,$59,12581120,$59.38,$59.65,$58.94
03/15/2018,$59.37,7362587,$58.93,$60.07,$58.82
03/14/2018,$58.83,6484199,$59.28,$59.72,$58.705
03/13/2018,$59.05,10398030,$59.7,$60.7,$58.89
03/12/2018,$59.4,10548660,$58.67,$59.68,$58.48
03/09/2018,$58.46,9538814,$57.67,$58.63,$57.67
03/08/2018,$57.47,7602792,$57.29,$57.8,$57.13
03/07/2018,$57.03,7042394,$56.62,$57.165,$56.62
03/06/2018,$57.03,7975574,$57.25,$57.25,$56.54
03/05/2018,$56.99,6922988,$56.83,$57.42,$56.68
03/02/2018,$56.93,11394390,$55.72,$57.2,$55.6805
03/01/2018,$56.17,11099290,$57,$57.56,$55.83
02/28/2018,$57.1,11516510,$56.84,$57.92,$56.83
02/27/2018,$56.57,8821186,$57.29,$57.64,$56.56
02/26/2018,$57.17,8676550,$56.42,$57.35,$56.32
02/23/2018,$56.14,11326680,$55.65,$56.15,$54.8
02/22/2018,$55.4,10147720,$55.95,$56.14,$55.26
02/21/2018,$56.1,7843512,$55.93,$56.74,$55.86
02/20/2018,$55.97,9385547,$56.29,$56.54,$55.83
02/16/2018,$56.48,10150570,$56.65,$57.05,$56.34
02/15/2018,$56.58,10279180,$56.36,$56.83,$55.9
02/14/2018,$55.99,14167820,$55.47,$56.7,$55.29
02/13/2018,$55.67,10339800,$55.25,$55.72,$55.02
02/12/2018,$55.38,10964540,$54.86,$55.73,$54.55
02/09/2018,$54.58,19379540,$54.2,$55.06,$53.65
02/08/2018,$53.77,17716910,$54.5,$54.789,$53.75
02/07/2018,$54.46,13865850,$55.08,$55.43,$54.44
02/06/2018,$55.61,17413780,$53.685,$56.06,$53.56
02/05/2018,$54.69,15935140,$55.53,$56.26,$54.57
02/02/2018,$55.77,15318950,$55.9,$56.32,$55.7
02/01/2018,$56,14682600,$56.28,$56.42,$55.89
01/31/2018,$56.81,13101120,$57.23,$57.45,$56.7
01/30/2018,$57.19,14321670,$56.96,$57.54,$56.74
01/29/2018,$57.02,18879950,$57.55,$58.35,$56.91
01/26/2018,$57.99,51813450,$57.94,$58.17,$56.55
01/25/2018,$60.55,15440080,$61.03,$61.2,$60.4
01/24/2018,$60.83,11920340,$61.51,$61.94,$60.2326
01/23/2018,$61.69,10676820,$61.32,$61.91,$61.14
01/22/2018,$61.41,11906060,$61.04,$61.47,$60.77
01/19/2018,$61.26,8252894,$61.21,$61.46,$60.95
01/18/2018,$61.09,9170630,$61.43,$61.44,$60.735
01/17/2018,$60.66,8417163,$61,$61.33,$60.52
01/16/2018,$60.56,7964914,$60.33,$61.1,$60.3
01/12/2018,$60.4,6980995,$60.4,$60.51,$59.65
01/11/2018,$60,5804917,$59.76,$60.02,$59.4541
01/10/2018,$59.82,8652883,$59.24,$60.13,$58.855
01/09/2018,$59.18,5223952,$59.2,$59.47,$58.86
01/08/2018,$59.31,6302806,$59.48,$59.67,$58.56
01/05/2018,$59.61,6046984,$59.25,$59.69,$59.07
01/04/2018,$58.93,5769653,$58.99,$59.41,$58.73
01/03/2018,$58.71,7464021,$57.93,$58.96,$57.8
01/02/2018,$57.63,7206985,$57.95,$58.21,$57.48
12/29/2017,$57.43,5364246,$57.74,$57.97,$57.42
12/28/2017,$57.81,5034366,$57.47,$58,$57.3
12/27/2017,$57.27,4811991,$57.19,$57.65,$57.18
12/26/2017,$57.14,5545956,$57.27,$57.5799,$57.05
12/22/2017,$57.3,7130581,$57.57,$57.91,$57.12
12/21/2017,$57.58,5973671,$57.94,$58.145,$57.49
12/20/2017,$57.73,7188532,$58.22,$58.29,$57.69
12/19/2017,$58.01,7945754,$58.13,$58.575,$57.93
12/18/2017,$58.03,8747889,$58.44,$58.786,$57.89
12/15/2017,$58.29,22588230,$59.25,$59.37,$58.1574
12/14/2017,$59.7,8945943,$59.73,$60.05,$59.44
12/13/2017,$59.49,7720099,$59.44,$59.89,$59.3
12/12/2017,$59.27,6042882,$58.99,$59.36,$58.87
12/11/2017,$59.07,10278820,$58.39,$59.35,$58.29
12/08/2017,$58.61,9938956,$58.52,$58.845,$58.1
12/07/2017,$59.14,6024901,$59.12,$59.275,$58.761
12/06/2017,$59.28,8275671,$59.38,$59.83,$59.23
12/05/2017,$59.34,11286410,$59.25,$59.68,$58.91
12/04/2017,$58.76,13295020,$57.54,$59.19,$57.5
12/01/2017,$57.32,12762220,$57.5,$57.71,$56.461
11/30/2017,$57.82,11508420,$57.64,$58.1399,$57.47
11/29/2017,$57.51,10010770,$56.71,$57.68,$56.7
11/28/2017,$56.66,9727816,$56.03,$56.72,$55.9101
11/27/2017,$55.91,10580160,$56.83,$56.9207,$55.751
11/24/2017,$56.8,3479177,$57.19,$57.19,$56.71
11/22/2017,$57.14,7308788,$57.07,$57.18,$56.795
11/21/2017,$57.26,6274402,$56.96,$57.56,$56.88
11/20/2017,$56.81,6353162,$56.67,$57.05,$56.58
11/17/2017,$56.93,6310898,$57.24,$57.43,$56.84
11/16/2017,$57.24,8310369,$56.92,$57.42,$56.75
11/15/2017,$56.7,8873606,$56.82,$57.06,$56.51
11/14/2017,$56.93,7751924,$56.47,$57,$56.41
11/13/2017,$56.64,7645677,$56.81,$57.14,$56.55
11/10/2017,$57.04,7930117,$57.36,$57.39,$56.54
11/09/2017,$57.36,14777330,$57.2,$57.66,$56.785
11/08/2017,$57.91,13522340,$57.03,$58.01,$57
11/07/2017,$57.22,11155700,$56.33,$57.29,$56.33
11/06/2017,$56.57,10830030,$55.99,$56.69,$55.63
11/03/2017,$56.03,28769360,$54.16,$56.94,$54.05
11/02/2017,$54.87,16003980,$55.15,$55.39,$54.77
11/01/2017,$55.13,7153924,$55.1,$55.59,$54.94
10/31/2017,$54.84,8847147,$55.16,$55.305,$54.7
10/30/2017,$55.17,6429484,$54.79,$55.23,$54.4
10/27/2017,$54.88,9911717,$54.83,$55.12,$54.68
10/26/2017,$54.91,12201750,$54.5,$55.75,$54.5
10/25/2017,$54.16,8281066,$54.24,$54.39,$53.66
10/24/2017,$54.28,7783225,$54.37,$54.56,$54.02
10/23/2017,$54.27,10091560,$54.77,$54.935,$54.18
10/20/2017,$54.57,11732260,$55.31,$55.4,$54.175
10/19/2017,$55.4,5591562,$55.08,$55.5423,$54.9
10/18/2017,$55.21,8298900,$54.46,$55.43,$54.22
10/17/2017,$54.51,11227070,$54.86,$55.23,$54.29
10/16/2017,$54.91,7256680,$55.67,$55.8,$54.89
10/13/2017,$55.72,6214948,$56,$56.43,$55.61
10/12/2017,$55.97,7293540,$55.67,$56.27,$55.309
10/11/2017,$55.64,8881635,$55.46,$55.8,$55.26
10/10/2017,$55.42,6572917,$55.1,$55.8492,$55.08
10/09/2017,$55.02,5822542,$55.37,$55.49,$54.96
10/06/2017,$55.17,10568230,$54.51,$55.45,$54.245
10/05/2017,$54.6,7993193,$54.06,$54.97,$53.92
10/04/2017,$53.93,5561756,$54.12,$54.2,$53.69
10/03/2017,$53.99,6136774,$54,$54.34,$53.9
10/02/2017,$53.81,5949500,$53.86,$54.04,$53.75
09/29/2017,$53.71,11925900,$54.31,$54.47,$53.36
09/28/2017,$54.5,7605394,$54.81,$55.08,$54.45
09/27/2017,$54.99,8629463,$55.25,$55.6,$54.96
09/26/2017,$55.13,7903558,$55.06,$55.22,$54.795
09/25/2017,$54.95,10235630,$54.98,$55.22,$54.7
09/22/2017,$55.09,6735660,$55.05,$55.2,$54.86
09/21/2017,$55.01,7176319,$55.05,$55.17,$54.86
09/20/2017,$55.15,7076832,$54.58,$55.18,$54.58
09/19/2017,$54.62,5138075,$54.84,$54.88,$54.56
09/18/2017,$54.69,6339893,$54.8,$54.97,$54.57
09/15/2017,$54.67,10571460,$54.44,$54.79,$54.16
09/14/2017,$54.53,8241707,$54.38,$54.71,$54.1
09/13/2017,$54.29,12769740,$53.55,$54.72,$53.4866
09/12/2017,$53.54,10330890,$53.98,$54.05,$53.33
09/11/2017,$54.02,9296257,$53.79,$54.13,$53.61
09/08/2017,$53.49,11773990,$53.39,$53.78,$53.05
09/07/2017,$53.47,13800740,$54.42,$54.675,$53.25
09/06/2017,$54.31,11094070,$55.12,$55.275,$54.13
09/05/2017,$55.13,9163733,$54.95,$55.2,$54.6
09/01/2017,$54.93,7689046,$54.9,$55.155,$54.88
08/31/2017,$54.86,8244620,$54.68,$54.99,$54.57
08/30/2017,$54.52,5578566,$54.04,$54.62,$54.04
08/29/2017,$54.1,6196291,$54.04,$54.29,$54
08/28/2017,$54.4,6616720,$54.54,$54.58,$54.02
08/25/2017,$54.36,8593555,$54.62,$54.69,$54.19
08/24/2017,$53.94,8715120,$54.26,$54.445,$53.77
08/23/2017,$54.08,11824410,$53.96,$54.1,$53.65
08/22/2017,$54.45,14539880,$53.49,$54.74,$53.39
08/21/2017,$53.15,12725870,$53.14,$53.52,$52.8
08/18/2017,$52.7,10369420,$52.92,$53.085,$52.58
08/17/2017,$53.04,7346218,$53.32,$53.78,$52.99
08/16/2017,$53.5,7644171,$53.26,$53.92,$53.25
08/15/2017,$53.15,6654058,$53.41,$53.42,$52.89
08/14/2017,$53.22,7415966,$53.6,$53.6,$53.18
08/11/2017,$53.18,9233422,$53.05,$53.4,$53.05
08/10/2017,$53.07,13192980,$53.52,$53.7453,$52.99
08/09/2017,$53.74,16708830,$54.43,$54.43,$53.3
08/08/2017,$54.52,11085060,$55.55,$55.58,$54.36
08/07/2017,$55.63,7253828,$55.6,$55.93,$55.42
08/04/2017,$55.44,9162081,$55.97,$56.05,$55.09
08/03/2017,$55.68,13296850,$55.64,$56.12,$55.5
08/02/2017,$55.43,14748260,$54.75,$55.45,$54.6702
08/01/2017,$54.73,18014350,$54.57,$54.79,$53.97
07/31/2017,$53.98,20249750,$54.48,$54.68,$53.95
07/28/2017,$54,52980120,$55.23,$55.96,$53.41
07/27/2017,$59.5,22554980,$58.25,$59.66,$57.93
07/26/2017,$57.94,8761458,$58.8,$58.84,$57.7847
07/25/2017,$58.55,7920478,$58.215,$58.84,$57.98
07/24/2017,$58.02,7442533,$58,$58.25,$57.93
07/21/2017,$57.98,6592562,$57.92,$58.26,$57.83
07/20/2017,$58.03,10509240,$58.41,$58.84,$58
07/19/2017,$58.11,8189772,$58.15,$58.41,$57.9
07/18/2017,$58.21,7857464,$58.12,$58.58,$57.69
07/17/2017,$58.33,6772735,$58.73,$58.87,$58.28
07/14/2017,$58.76,5441365,$58.4,$58.92,$58.28
07/13/2017,$58.38,8460227,$58.8,$58.87,$58.12
07/12/2017,$58.54,7141432,$58.21,$58.71,$58.02
07/11/2017,$57.9,5421128,$57.91,$58.08,$57.53
07/10/2017,$57.81,4824749,$58.18,$58.35,$57.75
07/07/2017,$58.04,7059916,$57.79,$58.36,$57.54
07/06/2017,$57.6,8877908,$57.8,$57.92,$57.4
07/05/2017,$57.94,7761046,$58.43,$58.5,$57.8
07/03/2017,$58.25,4575268,$58.9,$58.99,$58.25
06/30/2017,$58.31,8083510,$58.68,$58.95,$58.29
06/29/2017,$58.36,7419218,$59.17,$59.18,$57.955
06/28/2017,$59.18,5410275,$59.06,$59.25,$58.8
06/27/2017,$58.96,5640045,$59.54,$59.69,$58.81
06/26/2017,$59.64,5674451,$60.02,$60.15,$59.33
06/23/2017,$59.81,6463916,$59.76,$60.17,$59.58
06/22/2017,$59.51,5601839,$60.09,$60.1,$59.4
06/21/2017,$59.96,6027313,$60,$60.31,$59.71
06/20/2017,$59.86,6980324,$60.98,$61,$59.7
06/19/2017,$60.9,6732367,$60.35,$61,$60.11
06/16/2017,$60.14,11459290,$59.89,$60.16,$59.47
06/15/2017,$60.09,7480178,$59.92,$60.28,$59.51
06/14/2017,$60.27,9683942,$60.67,$60.82,$59.86
06/13/2017,$60.92,9374529,$61.12,$61.255,$60.59
06/12/2017,$61.29,11061480,$61.8,$61.99,$60.63
06/09/2017,$62.19,11226140,$62.37,$62.48,$61.8745
06/08/2017,$62.24,11265480,$63.44,$63.58,$62.02
06/07/2017,$63.5,8350735,$64.13,$64.295,$63.34
06/06/2017,$64.16,5448438,$64.22,$64.35,$64.05
06/05/2017,$64.27,6808942,$64.85,$64.87,$64.18
06/02/2017,$64.57,7829124,$63.88,$64.68,$63.7
06/01/2017,$63.75,6049111,$63.51,$63.82,$63.35
05/31/2017,$63.61,7314510,$63.27,$63.61,$63.08
05/30/2017,$63.26,7094412,$63.07,$63.41,$63.01
05/26/2017,$63.3,6094977,$63.01,$63.42,$62.97
05/25/2017,$62.9,8927141,$62.01,$63.11,$61.9
05/24/2017,$61.89,7282981,$61.4,$62,$60.94
05/23/2017,$61.15,5615888,$61.4,$61.5,$60.86
05/22/2017,$61.23,6391697,$61.03,$61.72,$61.03
05/19/2017,$61.36,12433580,$59.94,$61.92,$59.94
05/18/2017,$59.82,8596290,$59.73,$59.94,$58.87
05/17/2017,$59.73,7575001,$59.97,$60.3239,$59.55
05/16/2017,$59.98,6302285,$60.68,$60.7,$59.88
05/15/2017,$60.45,5833928,$60.42,$60.49,$60.125
05/12/2017,$59.93,5647085,$60.28,$60.34,$59.83
05/11/2017,$60.27,5516550,$60.45,$60.51,$60.03
05/10/2017,$60.66,7183275,$60.88,$60.98,$60.21
05/09/2017,$60.98,5773045,$60.58,$61.08,$60.57
05/08/2017,$60.94,5588317,$61.07,$61.07,$60.7
05/05/2017,$60.95,6404609,$60.86,$60.99,$60.58
05/04/2017,$60.83,6860726,$60.65,$60.85,$60.39
05/03/2017,$60.59,7705343,$60.52,$60.665,$60.255
05/02/2017,$60.5,8936719,$60.15,$60.52,$60.04
05/01/2017,$60.18,10901050,$60,$60.6,$59.7619
04/28/2017,$60.06,24993450,$59.41,$60.18,$58.99
04/27/2017,$61.3,14277700,$61.63,$61.94,$61.19
04/26/2017,$61.56,8520135,$61.23,$61.75,$60.98
04/25/2017,$60.96,11011930,$60.65,$61.21,$59.9237
04/24/2017,$61.11,10719790,$61,$61.38,$60.89
04/21/2017,$60.61,8396452,$60.2,$60.69,$60.15
04/20/2017,$60.08,12438880,$59.71,$60.335,$59.56
04/19/2017,$59.04,11994480,$58.6,$59.49,$58.5
04/18/2017,$58.35,5449677,$57.59,$58.48,$57.59
04/17/2017,$58.08,5613446,$57.68,$58.25,$57.68
04/13/2017,$57.51,4859603,$57.61,$57.79,$57.45
04/12/2017,$57.58,5449847,$57.88,$57.895,$57.48
04/11/2017,$57.88,5854986,$57.84,$58.16,$57.38
04/10/2017,$57.95,5266079,$58,$58.21,$57.73
04/07/2017,$58.02,6773750,$57.8,$58.25,$57.55
04/06/2017,$57.92,9100593,$58.13,$58.36,$57.73
04/05/2017,$58.22,13653710,$57.96,$59.27,$57.81
04/04/2017,$58.32,6473703,$58.37,$58.41,$58.01
04/03/2017,$58.44,8989261,$58.28,$58.47,$57.89
03/31/2017,$58.39,9145731,$58.105,$58.66,$58.06
03/30/2017,$58.16,8677089,$57.45,$58.3,$57.42
03/29/2017,$57.54,7001589,$57.17,$57.85,$57.13
03/28/2017,$57.35,8329282,$57.1,$57.52,$57.025
03/27/2017,$57.23,8850066,$56.66,$57.45,$56.46
03/24/2017,$56.81,15762160,$56.11,$57.38,$55.9
03/23/2017,$55.85,7355027,$56.15,$56.425,$55.78
03/22/2017,$55.89,8432458,$55.68,$56.04,$55.51
03/21/2017,$55.54,8031219,$56.05,$56.45,$55.485
03/20/2017,$55.81,7890887,$55.87,$56.05,$55.51
03/17/2017,$55.78,15792540,$55.04,$56.13,$54.95
03/16/2017,$54.8,8068576,$54.85,$54.985,$54.66
03/15/2017,$54.54,8710218,$54.39,$54.65,$54.09
03/14/2017,$54.27,7892330,$54.62,$54.74,$54.19
03/13/2017,$54.63,9089695,$54.57,$54.8847,$54.4
03/10/2017,$54.53,13874700,$55.39,$55.4,$54.415
03/09/2017,$55.19,17825560,$55.75,$55.8,$54.81
03/08/2017,$55.74,13051020,$56.15,$56.35,$55.54
03/07/2017,$56.2,10870520,$56.58,$56.75,$56.02
03/06/2017,$56.68,9151427,$56.78,$56.81,$56.33
03/03/2017,$57.1,7737990,$56.7,$57.26,$56.7
03/02/2017,$57.12,6592207,$57.07,$57.19,$56.85
03/01/2017,$57.14,7197859,$57.27,$57.4,$56.94
02/28/2017,$56.87,8740583,$56.71,$57.06,$56.55
02/27/2017,$56.78,7688538,$57.24,$57.3,$56.66
02/24/2017,$57.48,7793005,$57.61,$57.71,$57.145
02/23/2017,$57.64,7166053,$57.6,$57.79,$57.39
02/22/2017,$57.57,7868984,$57.52,$57.85,$57.35
02/21/2017,$57.54,8277596,$57.41,$57.81,$57.4
02/17/2017,$57.35,10976690,$56.8,$57.57,$56.71
02/16/2017,$56.73,8511407,$56.96,$56.99,$56.53
02/15/2017,$56.86,6947619,$56.56,$56.88,$56.305
02/14/2017,$56.58,8529446,$56.02,$56.61,$56.02
02/13/2017,$56.11,8021101,$56.5,$56.66,$56.03
02/10/2017,$56.22,11169290,$55.73,$56.395,$55.56
02/09/2017,$55.81,11106650,$55.23,$56.12,$55.21
02/08/2017,$55.22,11680910,$55.19,$55.4957,$55.1
02/07/2017,$55.24,9879141,$55.79,$55.84,$55.1801
02/06/2017,$55.73,13013150,$55.01,$55.75,$54.9
02/03/2017,$55.06,14127830,$54.21,$55.1,$54.01
02/02/2017,$53.87,15272490,$54.04,$54.39,$53.85
02/01/2017,$53.9,18765170,$55.49,$55.5,$53.81
01/31/2017,$55.22,14304800,$55.8,$55.87,$54.88
01/30/2017,$55.9,13319580,$56,$56.24,$55.58
01/27/2017,$56.12,28882580,$55.75,$56.59,$55.65
01/26/2017,$58.46,11933190,$58.7,$59,$58.26
01/25/2017,$58.7,7120518,$58.67,$58.93,$58.45
01/24/2017,$58.44,10703440,$57.93,$58.5,$57.76
01/23/2017,$57.76,6803325,$57.42,$57.9,$57.15
01/20/2017,$57.66,7628689,$58.14,$58.2,$57.41
01/19/2017,$57.89,7836999,$58.31,$58.45,$57.715
01/18/2017,$58.45,7075333,$58.32,$58.58,$58.03
01/17/2017,$58,5728852,$57.62,$58.25,$57.41
01/13/2017,$57.85,4745801,$58.03,$58.1,$57.65
01/12/2017,$58.03,4725916,$58,$58.13,$57.64
01/11/2017,$58.1,5973902,$57.8,$58.12,$57.59
01/10/2017,$57.88,6671882,$58.22,$58.26,$57.83
01/09/2017,$58.2,12639760,$57.26,$58.335,$57.25
01/06/2017,$57.13,8582366,$56.63,$57.27,$56.08
01/05/2017,$56.46,7599816,$56.08,$56.53,$55.8099
01/04/2017,$55.99,7784373,$55.56,$56.195,$55.38
01/03/2017,$55.35,7799271,$55.91,$55.95,$55.04
12/30/2016,$55.52,8343243,$56.28,$56.45,$55.4
12/29/2016,$56.32,3781003,$56.35,$56.47,$56.135
12/28/2016,$56.35,5491728,$56.8,$56.9,$56.25
12/27/2016,$56.86,4185433,$56.99,$57.3869,$56.81
12/23/2016,$57.01,4297454,$57.29,$57.36,$56.89
12/22/2016,$57.11,6777295,$57.31,$57.4,$56.72
12/21/2016,$57.44,5373641,$57.5,$57.87,$57.41
12/20/2016,$57.7,4887892,$57.81,$58.06,$57.32
12/19/2016,$57.65,6433055,$57.44,$57.98,$57.44
12/16/2016,$57.66,10608560,$58.01,$58.07,$57.56
12/15/2016,$57.71,11822470,$57.968,$58.21,$57.52
12/14/2016,$58.75,9011600,$59.03,$59.25,$58.6
12/13/2016,$59.31,8769967,$58.99,$59.54,$58.66
12/12/2016,$58.77,7735254,$58.54,$58.79,$58.34
12/09/2016,$58.75,7091407,$58.92,$58.95,$58.43
12/08/2016,$58.65,7971881,$59,$59.25,$58.4118
12/07/2016,$58.76,9072884,$57.54,$58.85,$57.45
12/06/2016,$57.44,7033549,$57.66,$57.7,$57.14
12/05/2016,$57.5,7698027,$56.96,$57.84,$56.96
12/02/2016,$57.21,16850660,$56.649,$57.75,$56.57
12/01/2016,$58.51,12317430,$57.34,$58.52,$57.2
11/30/2016,$57.97,9504947,$58.19,$58.25,$57.86
11/29/2016,$58.17,10559960,$57.64,$58.21,$57.5
11/28/2016,$57.59,8693692,$57,$57.86,$56.76
11/25/2016,$57.43,3228848,$57.7,$57.7,$57.255
11/23/2016,$57.59,8177430,$56.91,$57.64,$56.9
11/22/2016,$57.12,10261240,$56.32,$57.15,$55.88
11/21/2016,$56.1,8003126,$55.51,$56.16,$55.51
11/18/2016,$55.77,8739273,$55.72,$56.12,$55.42
11/17/2016,$55.85,8737308,$55.215,$55.9,$55.06
11/16/2016,$55.44,10778100,$54.33,$55.52,$54.26
11/15/2016,$54.59,9332673,$54.09,$54.69,$53.9
11/14/2016,$54.22,10489240,$53.93,$54.47,$53.5
11/11/2016,$53.93,8428138,$53.43,$53.99,$53.25
11/10/2016,$53.57,13609910,$54.64,$54.817,$53.51
11/09/2016,$54.58,13707840,$53.2,$54.82,$52.8
11/08/2016,$54.62,9315585,$54.4,$54.79,$54.115
11/07/2016,$54.49,14903780,$53.5,$54.68,$53.19
11/04/2016,$52.75,21924610,$51.43,$53.74,$50.84
11/03/2016,$51.77,21330460,$52.99,$53,$51.34
11/02/2016,$52.98,10845360,$52.34,$53.46,$52.31
11/01/2016,$52.5,15409130,$53.14,$53.21,$52.085
10/31/2016,$53.07,9128074,$53.7,$53.7,$53.055
10/28/2016,$53.53,6517752,$53.65,$53.84,$53.11
10/27/2016,$53.59,7775273,$53.6,$53.83,$53.13
10/26/2016,$53.63,5810251,$53.6,$53.84,$53.355
10/25/2016,$53.67,6045128,$54.1,$54.17,$53.5
10/24/2016,$54.18,6919438,$53.9,$54.46,$53.8939
10/21/2016,$53.63,6764223,$53.42,$53.7,$53.25
10/20/2016,$53.59,9280925,$53.36,$53.74,$52.91
10/19/2016,$53.15,9083468,$52.91,$53.74,$52.9
10/18/2016,$52.61,6533842,$53.24,$53.3197,$52.59
10/17/2016,$52.76,5223130,$52.94,$53.145,$52.69
10/14/2016,$53.08,6429285,$53.12,$53.37,$52.96
10/13/2016,$52.95,6887330,$52.88,$53.13,$52.6662
10/12/2016,$53.16,6319963,$53.01,$53.47,$52.78
10/11/2016,$52.92,9709501,$53.13,$53.4,$52.74
10/10/2016,$53.3,7207494,$53.53,$53.6,$53.27
10/07/2016,$53.46,7220690,$53.37,$53.605,$53
10/06/2016,$53.14,6125326,$53.3,$53.48,$53.03
10/05/2016,$53.35,7451486,$53.5,$53.76,$53.275
10/04/2016,$53.53,6176242,$54.13,$54.13,$53.41
10/03/2016,$53.84,5478875,$54.1,$54.15,$53.665
09/30/2016,$54.14,13759720,$53.65,$54.385,$53.56
09/29/2016,$53.45,11988570,$53.88,$53.995,$52.91
09/28/2016,$53.98,8587616,$53.88,$54.08,$53.53
09/27/2016,$54.19,6457679,$54,$54.21,$53.82
09/26/2016,$54.04,7753983,$54.28,$54.34,$53.86
09/23/2016,$54.43,6937777,$54,$54.56,$54
09/22/2016,$54.39,9083918,$54.2,$54.6,$53.965
09/21/2016,$53.98,9203404,$53.43,$54.03,$53.28
09/20/2016,$53.3,8729433,$53.4,$53.435,$53.05
09/19/2016,$53.01,9224533,$53.96,$53.9739,$52.9
09/16/2016,$53.74,10200470,$53.94,$54.09,$53.41
09/15/2016,$54.11,8077271,$53.96,$54.13,$53.54
09/14/2016,$53.9,6707303,$54.26,$54.35,$53.8
09/13/2016,$53.98,10049550,$54.39,$54.55,$53.75
09/12/2016,$54.71,11002180,$53.92,$54.79,$53.92
09/09/2016,$54.35,10620020,$55.14,$55.2,$54.3
09/08/2016,$55.3,12671780,$56.1,$56.15,$55.2
09/07/2016,$56.32,11424250,$56.19,$56.6,$56.12
09/06/2016,$56.02,6457796,$56.18,$56.42,$55.69
09/02/2016,$56.18,7407993,$56.52,$56.65,$55.985
09/01/2016,$56.31,6229122,$56.3,$56.56,$55.83
08/31/2016,$56.23,6990579,$56.31,$56.42,$55.905
08/30/2016,$56.4,6360732,$56.66,$56.75,$56.01
08/29/2016,$56.8,7017000,$57.22,$57.48,$56.61
08/26/2016,$57.29,6939511,$57.48,$57.83,$56.995
08/25/2016,$57.29,6685886,$57.04,$57.45,$56.9
08/24/2016,$57.09,13195420,$57,$57.98,$56.95
08/23/2016,$56.4,7821859,$56.17,$56.54,$56
08/22/2016,$55.85,8836574,$54.98,$55.92,$54.95
08/19/2016,$54.94,8901060,$55.46,$55.56,$54.85
08/18/2016,$55.53,5390950,$55.78,$55.9,$55.49
08/17/2016,$55.8,7400461,$55.77,$55.92,$55.43
08/16/2016,$55.37,5751158,$55.25,$55.57,$54.92
08/15/2016,$55.25,5960226,$55.65,$55.7,$55.18
08/12/2016,$55.47,5039433,$55.27,$55.745,$55.23
08/11/2016,$55.47,6191302,$55.75,$55.96,$55.46
08/10/2016,$55.62,6982719,$55.37,$55.71,$55.11
08/09/2016,$55.2,7134398,$55.39,$55.71,$55.18
08/08/2016,$55.36,9123784,$55.97,$55.99,$55.17
08/05/2016,$55.9,9205542,$55.8,$56.12,$55.52
08/04/2016,$55.42,11148570,$56.05,$56.29,$55.38
08/03/2016,$55.94,11478760,$56.46,$56.59,$55.72
08/02/2016,$56.73,7570244,$57.25,$57.34,$56.54
08/01/2016,$57.63,7997260,$58,$58.05,$57.43
07/29/2016,$58.05,6914042,$58.18,$58.43,$57.92
07/28/2016,$58.21,6828857,$57.88,$58.31,$57.74
07/27/2016,$57.85,6550977,$58.38,$58.4,$57.67
07/26/2016,$58.31,10104800,$58.58,$58.84,$58.2
07/25/2016,$57.95,10469020,$57.72,$58.09,$57.5
07/22/2016,$57.9,23896740,$57.6,$58.24,$57.2
07/21/2016,$57.6,15236350,$57.62,$57.67,$57.0375
07/20/2016,$57.54,9420001,$57,$57.66,$56.705
07/19/2016,$56.76,8719081,$56.85,$57.135,$56.545
07/18/2016,$56.92,7597154,$57.59,$57.59,$56.85
07/15/2016,$57.41,8491157,$57.69,$57.74,$57.125
07/14/2016,$57.59,11336390,$57,$57.68,$56.97
07/13/2016,$56.48,12181560,$56.8,$57.26,$56.35
07/12/2016,$57.48,10997220,$56.65,$57.6,$56.505
07/11/2016,$56.32,10391810,$56.8,$56.92,$56.06
07/08/2016,$56.51,12653420,$56.92,$57,$56.36
07/07/2016,$56.91,6807570,$56.66,$57,$56.47
07/06/2016,$56.75,8471143,$56.52,$57.11,$56.32
07/05/2016,$56.77,7273694,$56.81,$56.96,$56.55
07/01/2016,$56.99,8329454,$57.04,$57.36,$56.845
06/30/2016,$57.12,10210210,$56.81,$57.19,$56.516
06/29/2016,$56.74,11102180,$55.42,$56.945,$55.36
06/28/2016,$54.85,8406504,$54.1,$54.9,$53.95
06/27/2016,$53.69,11643110,$54.2,$54.48,$53.41
06/24/2016,$54.68,14640190,$54.05,$55.57,$54.01
06/23/2016,$56.13,5565882,$55.98,$56.195,$55.9
06/22/2016,$55.61,7202308,$55.88,$55.98,$55.49
06/21/2016,$55.81,7444515,$55.52,$56.03,$55.45
06/20/2016,$55.38,7274926,$55.77,$56.28,$55.38
06/17/2016,$55.31,9489371,$55.61,$55.62,$55.04
06/16/2016,$55.53,7948317,$54.9,$55.59,$54.41
06/15/2016,$55.35,7429786,$55.64,$56.09,$55.27
06/14/2016,$55.57,8028701,$55.05,$55.58,$55.0101
06/13/2016,$55.04,7916040,$54.79,$55.6,$54.76
06/10/2016,$54.865,8116706,$54.92,$55.2,$54.5
06/09/2016,$55.58,5926947,$55.15,$55.61,$55.06
06/08/2016,$55.22,7603889,$55.5,$55.5,$54.9
06/07/2016,$55.3,7160877,$55.65,$56.1,$55.28
06/06/2016,$55.59,9899543,$54.72,$55.87,$54.69
06/03/2016,$54.61,6648801,$54.71,$55.08,$54.4
06/02/2016,$54.62,8306502,$54.9,$55,$54.455
06/01/2016,$54.82,8751056,$54.76,$55.49,$54.72
05/31/2016,$54.89,12040460,$55.5,$55.5,$54.7
05/27/2016,$55.15,6630654,$55.36,$55.55,$55.1
05/26/2016,$55.29,9448587,$55.55,$55.8699,$54.95
05/25/2016,$55.15,8121361,$55.2,$55.46,$54.95
